[{"timestamp":"[24/7/2022 22:17:11]","title":"Collar Astral Beige","price":29,"thumbnail":"https://secureservercdn.net/198.71.233.61/v8u.b99.myftpupload.com/wp-content/uploads/2021/04/Collar-Astral-Beige-1.jpg","detail":"URBAN PRINT","stock":5,"id":1},{"timestamp":"[24/7/2022 18:9:28]","title":" Correa Astral Beige","price":35,"thumbnail":"https://cdn.shopify.com/s/files/1/0565/2719/2164/products/Correa-Astral-beige-1.jpg?v=1645114015","detail":"URBAN PRINT","stock":5,"id":2},{"timestamp":"[24/7/2022 17:43:8]","title":"Arnés Astral Beige","price":33,"thumbnail":"https://cdn.shopify.com/s/files/1/0565/2719/2164/products/Arnes-astral-beige-1.jpg?v=1645114026","detail":"URBAN PRINT","stock":5,"id":3},{"timestamp":"17/7/2022 16:58:58","title":"Collar Astral Navy","price":29,"thumbnail":"https://cdn.shopify.com/s/files/1/0565/2719/2164/products/Collar-Astral-Navy-3.jpg?v=1645114020","detail":"URBAN PRINT","stock":5,"id":4},{"timestamp":"17/7/2022 16:58:58","title":"Correa Astral Navy","price":35,"thumbnail":"https://cdn.shopify.com/s/files/1/0565/2719/2164/products/CorreaAstralNavy1_2.jpg?v=1646177020","detail":"URBAN PRINT","stock":5,"id":5},{"timestamp":"17/7/2022 16:58:58","title":"Arnés Astral Navy","price":33,"thumbnail":"https://cdn.shopify.com/s/files/1/0565/2719/2164/products/Arnes-astral-navy-1.jpg?v=1645113973","detail":"URBAN PRINT","stock":5,"id":6},{"timestamp":"17/7/2022 16:58:58","title":"Collar LM Astral Beige","price":55,"thumbnail":"https://cdn.shopify.com/s/files/1/0565/2719/2164/products/1-COLLAR-CUERO-ASTRAL-BEIGE-1.jpg?v=1645114005","detail":"LEATHER MANIA","stock":5,"id":7},{"timestamp":"17/7/2022 16:58:58","title":"Correa LM Astral Beige","price":62,"thumbnail":"https://cdn.shopify.com/s/files/1/0565/2719/2164/products/1-CORREA-CUERO-ASTRAL-BEIGE.jpg?v=1645114038","detail":"LEATHER MANIA","stock":5,"id":8},{"timestamp":"17/7/2022 16:58:58","title":"Arnés LM Astral Beige","price":78,"thumbnail":"https://cdn.shopify.com/s/files/1/0565/2719/2164/products/1-ARNES-CUERO-ASTRAL-BEIGE-1.jpg?v=1645114030","detail":"LEATHER MANIA","stock":5,"id":9},{"timestamp":"17/7/2022 16:58:58","title":"Collar LM Astral Navy","price":48,"thumbnail":"https://cdn.shopify.com/s/files/1/0565/2719/2164/products/1-COLLAR-ASTRAL-CUERO-NAVY-1.jpg?v=1645113989","detail":"LEATHER MANIA","stock":5,"id":10},{"timestamp":"17/7/2022 16:58:58","title":"Correa LM Astral Navy","price":62,"thumbnail":"https://cdn.shopify.com/s/files/1/0565/2719/2164/products/1-CORREA-ASTRAL-CUERO-NAVY.jpg?v=1645114001","detail":"LEATHER MANIA","stock":5,"id":11},{"timestamp":"[24/7/2022 19:18:6]","title":"Arnés LM Astral Navy","price":78,"thumbnail":"https://cdn.shopify.com/s/files/1/0565/2719/2164/products/1-ARNES-ASTRAL-CUERO-NAVY-1.jpg?v=1645114032","detail":"LEATHER MANIA","stock":5,"id":12},{"timestamp":"[24/7/2022 19:33:21]","title":"Goose","price":0,"thumbnail":"","stock":"0","id":13},{"timestamp":"[28/7/2022 19:23:46]","title":"Goosddddddddde","price":0,"thumbnail":"","stock":"0","id":14}]